INSERT INTO db_resource_management.item
(Item_Id, Item_Name, Catagory)
VALUES
("00000000001", "Coal",								"RAW_MATERIAL"),
("00000000002", "Sand",								"RAW_MATERIAL"),
("00000000003", "Stone",							"RAW_MATERIAL"),
("00000000004", "Lumber",							"RAW_MATERIAL"),
("00000000005", "Leather",							"RAW_MATERIAL"),
("00000000006", "Limestone",						"RAW_MATERIAL"),
("00000000007", "45 Steel",							"METAL"),
("00000000008", "Iron Bar",							"METAL"),
("00000000009", "Titanium Plate",					"METAL"),
("00000000010", "Steel Pipe",						"METAL"),
("00000000011", "Iron Plate",						"METAL"),
("00000000012", "Log",								"WOOD"),
("00000000013", "1A Wooden Stick",					"WOOD"),
("00000000014", "Wooden Plate",						"WOOD"),
("00000000015", "Plastic Pipe",						"PLASTIC"),
("00000000016", "Polyester Resin",					"PLASTIC"),
("00000000017", "2C Plastic Stick",					"PLASTIC"),
("00000000018", "CC Screw",							"TOOL"),
("00000000019", "A1 Screw",							"TOOL"),
("00000000020", "Nail 104",							"TOOL"),
("00000000021", "41-Spring",						"TOOL"),
("00000000022", "BT2 Roller",						"TOOL"),
("00000000023", "Rotating Assembly",				"SPARE"),
("00000000024", "Lantern Ring",						"SPARE"),
("00000000025", "SKF Bearing Locknut",				"SPARE"),
("00000000026", "Stepladder",						"EQUIPMENT"),
("00000000027", "Chainsaw",							"EQUIPMENT"),
("00000000028", "Q7 Drill", 						"EQUIPMENT"),
("00000000029", "11 Earmuff",						"EQUIPMENT"),
("00000000030", "13 Earmuff", 						"EQUIPMENT"),
("00000000031", "S Dust Mask", 						"EQUIPMENT"),
("00000000032", "Safety Helmet", 					"EQUIPMENT"),
("00000000033", "Safety Google", 					"EQUIPMENT"),
("00000000034", "9005 Toolbox", 					"EQUIPMENT"),
("00000000035", "Horizantal Band Saw", 				"MACHINE"),
("00000000036", "Vertical Band Saw",				"MACHINE"),
("00000000037", "Milling Machine",					"MACHINE"),
("00000000038", "Shaping Machine", 					"MACHINE"),
("00000000039", "Drill Press", 						"MACHINE"),
("00000000040", "Turret Milling Machine", 			"MACHINE"),
("00000000041", "Folding Machine", 					"MACHINE"),
("00000000042", "Surface Grinder", 					"MACHINE"),
("00000000043", "Platform Trolley", 				"MACHINE"),
("00000000044", "Computer Numerical Control Lathe",	"MACHINE"),
("00000000045", "Hand GPS", 						"ELECTRONIC"),
("00000000046", "Accumulator", 						"ELECTRONIC"),
("00000000047", "Power Plant", 						"ELECTRONIC"),
("00000000048", "Laser Plummet", 					"ELECTRONIC"),
("00000000049", "Spray Gun", 						"ELECTRONIC"),
("00000000050", "Digital Multimeter", 				"ELECTRONIC");

INSERT INTO db_resource_management.depot
(Depot_Id, Depot_Name, Size, Occupancy, Address)
VALUES
("00000000001", "In-plant Factory Depot",	"SMALL",	80, "Factory second floor, room no: 098"),
("00000000002", "Behind the Factory Depot", "MEDIUM",	68, "Factory outlet, 100 m ahead. 7051 Littleton Wooster, OH 44691"),
("00000000003", "Bartin Depot",				"MEDIUM",	90, "7184 Glenridge Ave. Griffin, GA 30223"),
("00000000004", "Foolet Depot",				"LARGE",	10, "84 Boston Ave. Lancaster, NY 14086");

INSERT INTO db_resource_management.stock
(Depot_Id, Item_Id, Quantity)
VALUES
("00000000001","00000000029",120),
("00000000001","00000000030",120),
("00000000001","00000000031",130),
("00000000001","00000000032",110),
("00000000001","00000000033",90),
("00000000001","00000000026",2),
("00000000001","00000000028",2),
("00000000001","00000000045",3),
("00000000001","00000000049",4),
("00000000001","00000000019",470),
("00000000001","00000000020",2010),
("00000000001","00000000022",670),
("00000000001","00000000034",3),
("00000000002","00000000001",120),
("00000000002","00000000002",160),
("00000000002","00000000003",60),
("00000000002","00000000004",80),
("00000000002","00000000009",300),
("00000000002","00000000010",185),
("00000000002","00000000011",220),
("00000000002","00000000014",120),
("00000000002","00000000015",73),
("00000000002","00000000035",1),
("00000000002","00000000036",1),
("00000000002","00000000037",0),
("00000000002","00000000047",1),
("00000000003","00000000001",270),
("00000000003","00000000002",350),
("00000000003","00000000003",400),
("00000000003","00000000004",120),
("00000000003","00000000005",322),
("00000000003","00000000006",120),
("00000000004","00000000001",720),
("00000000004","00000000002",1000),
("00000000004","00000000004",720),
("00000000004","00000000013",1200),
("00000000004","00000000014",1000);

INSERT INTO db_resource_management.depot_log
(Log_Id, Depot_Id, Item_Id, Quantity, Log_Date, Log_Type, Log_Desc)
VALUES
("00000000001", "00000000001","00000000029",120,  "2020-01-01", "ENTRY", "Depot preparation"),
("00000000002", "00000000001","00000000030",120,  "2020-01-01", "ENTRY", "Depot preparation"),
("00000000003", "00000000001","00000000031",130,  "2020-01-01", "ENTRY", "Depot preparation"),
("00000000004", "00000000001","00000000032",110,  "2020-01-01", "ENTRY", "Depot preparation"),
("00000000005", "00000000001","00000000033",90,   "2020-01-01", "ENTRY", "Depot preparation"),
("00000000006", "00000000001","00000000026",2,    "2020-01-01", "ENTRY", "Depot preparation"),
("00000000007", "00000000001","00000000028",2,    "2020-01-01", "ENTRY", "Depot preparation"),
("00000000008", "00000000001","00000000045",3,    "2020-01-01", "ENTRY", "Depot preparation"),
("00000000009", "00000000001","00000000049",4,    "2020-01-01", "ENTRY", "Depot preparation"),
("00000000010", "00000000001","00000000019",470,  "2020-01-01", "ENTRY", "Depot preparation"),
("00000000011", "00000000001","00000000020",2010, "2020-01-01", "ENTRY", "Depot preparation"),
("00000000012", "00000000001","00000000022",670,  "2020-01-01", "ENTRY", "Depot preparation"),
("00000000013", "00000000001","00000000034",3,	  "2020-01-01", "ENTRY", "Depot preparation"),
("00000000014", "00000000002","00000000001",120,  "2020-01-01", "ENTRY", "Depot preparation"),
("00000000015", "00000000002","00000000002",160,  "2020-01-01", "ENTRY", "Depot preparation"),
("00000000016", "00000000002","00000000003",60,   "2020-01-01", "ENTRY", "Depot preparation"),
("00000000017", "00000000002","00000000004",80,   "2020-01-01", "ENTRY", "Depot preparation"),
("00000000018", "00000000002","00000000009",300,  "2020-01-01", "ENTRY", "Depot preparation"),
("00000000019", "00000000002","00000000010",185,  "2020-01-01", "ENTRY", "Depot preparation"),
("00000000020", "00000000002","00000000011",220,  "2020-01-01", "ENTRY", "Depot preparation"),
("00000000021", "00000000002","00000000014",120,  "2020-01-01", "ENTRY", "Depot preparation"),
("00000000022", "00000000002","00000000015",73,   "2020-01-01", "ENTRY", "Depot preparation"),
("00000000023", "00000000002","00000000035",1,    "2020-01-01", "ENTRY", "Depot preparation"),
("00000000024", "00000000002","00000000036",1,    "2020-01-01", "ENTRY", "Depot preparation"),
("00000000025", "00000000002","00000000037",0,    "2020-01-01", "ENTRY", "Depot preparation"),
("00000000026", "00000000002","00000000047",1,	  "2020-01-01", "ENTRY", "Depot preparation"),
("00000000027", "00000000003","00000000001",270,  "2020-01-01", "ENTRY", "Depot preparation"),
("00000000028", "00000000003","00000000002",350,  "2020-01-01", "ENTRY", "Depot preparation"),
("00000000029", "00000000003","00000000003",400,  "2020-01-01", "ENTRY", "Depot preparation"),
("00000000030", "00000000003","00000000004",120,  "2020-01-01", "ENTRY", "Depot preparation"),
("00000000031", "00000000003","00000000005",322,  "2020-01-01", "ENTRY", "Depot preparation"),
("00000000032", "00000000003","00000000006",120,  "2020-01-01", "ENTRY", "Depot preparation"),
("00000000033", "00000000004","00000000001",720,  "2020-01-01", "ENTRY", "Depot preparation"),
("00000000034", "00000000004","00000000002",1000, "2020-01-01", "ENTRY", "Depot preparation"),
("00000000035", "00000000004","00000000004",720,  "2020-01-01", "ENTRY", "Depot preparation"),
("00000000036", "00000000004","00000000013",1200, "2020-01-01", "ENTRY", "Depot preparation"),
("00000000037", "00000000004","00000000014",1000, "2020-01-01", "ENTRY", "Depot preparation");

INSERT INTO db_resource_management.supplier
(Supplier_Id, Supplier_Name, Address, Contact)
VALUES
("00000000001", "Material Retro", 		"87C Van Dyke Street Cary, NC 27511", 		"Ms. Vasuki, 88448-7128, US, (505) 116-9771"),
("00000000002", "Abstract Machinery",	"294 E. Manhattan Road Longwood, FL 32779", "Ms. Blair, US, (775) 035-8160"),
("00000000003", "Iron Guide", 			"9980 North Third St. Mundelein, IL 60060",	"Ms. Emanuela, US, (605) 708-9855"),
("00000000004", "Toolscape", 			"254C Winding Way Ave. Dublin, GA 31021", 	"Mr. Conroy, CA, (867) 669-1086"),
("00000000005", "Rawnest", 				"7107 North Ave. Middle Village, NY 11379", "Mr. Zoland, US, (228) 635-2460"),
("00000000006", "Enigma Electronics",	"669 Primrose Drive Ephrata, PA 17522", 	"Ms. Kalyani, US, (574) 726-1705");

INSERT INTO db_resource_management.item_order
(Item_Order_Id, Order_Date, Ship_Date, Price, Order_Status)
VALUES
("00000000001", "2020-10-16 12:14:00", "2020-10-28", 20000, "DELIVERED"),
("00000000002", "2020-09-10 18:37:00", "2020-09-30", 56000, "DELIVERED"),
("00000000003", "2020-05-04 10:20:00", "2020-05-12", 35750, "DELIVERED"),
("00000000004", "2020-12-20 08:35:00", "2021-01-25", 12000,	"IN_PROCESS"),
("00000000005", "2020-12-23 17:30:00", "2021-02-20", 49250, "IN_PROCESS"),
("00000000006", "2020-12-24 12:00:00", "2021-02-05", 75000, "IN_PROCESS"),
("00000000007", "2020-12-24 13:10:00", "2020-01-30", 62100, "IN_PROCESS"),
("00000000008", "2020-08-12 15:50:00", "2020-09-13", 21700, "CANCELLED"),
("00000000009", "2020-12-16 09:45:00",	null       , 15800, "PROBLEM"),
("00000000010", "2020-11-26 10:22:00", "2020-12-23", 11330, "RETURNED");

INSERT INTO db_resource_management.item_order_in
(Item_Order_Id, Item_Id, Quantity)
VALUES
("00000000001", "00000000004", 17500),
("00000000002", "00000000007", 5000),
("00000000003", "00000000001", 10300),
("00000000004", "00000000023", 4),
("00000000005", "00000000042", 1),
("00000000006", "00000000008", 7250),
("00000000007", "00000000014", 2660),
("00000000008", "00000000016", 100),
("00000000009", "00000000012", 220),
("00000000010", "00000000031", 400);

INSERT INTO db_resource_management.item_order_to
(Item_Order_Id, Depot_Id)
VALUES
("00000000001", "00000000002"),
("00000000002", "00000000002"),
("00000000003", "00000000003"),
("00000000004", "00000000004"),
("00000000005", "00000000004"),
("00000000006", "00000000003"),
("00000000007", "00000000003"),
("00000000008", "00000000003"),
("00000000009", "00000000002"),
("00000000010", "00000000001");

INSERT INTO db_resource_management.item_order_from
(Item_Order_Id, Supplier_Id)
VALUES
("00000000001", "00000000005"),
("00000000002", "00000000002"),
("00000000003", "00000000005"),
("00000000004", "00000000004"),
("00000000005", "00000000002"),
("00000000006", "00000000003"),
("00000000007", "00000000001"),
("00000000008", "00000000001"),
("00000000009", "00000000001"),
("00000000010", "00000000004");
